{
  "project_info": {
    "project_number": "1058104081878",
    "project_id": "whatsapptest-7a91f",
    "storage_bucket": "whatsapptest-7a91f.appspot.com"
  },
  "client": [
    {
      "client_info": {
        "mobilesdk_app_id": "1:1058104081878:android:58e57774bc65070e6ab877",
        "android_client_info": {
          "package_name": "com.example.whatsapp"
        }
      },
      "oauth_client": [
        {
          "client_id": "1058104081878-poqmccne50nooq46b5jpro3mju2i6fjf.apps.googleusercontent.com",
          "client_type": 3
        }
      ],
      "api_key": [
        {
          "current_key": "AIzaSyAUtOcvaeeptUj_jnS9TNFNaJbg_ZzeR7o"
        }
      ],
      "services": {
        "appinvite_service": {
          "other_platform_oauth_client": [
            {
              "client_id": "1058104081878-poqmccne50nooq46b5jpro3mju2i6fjf.apps.googleusercontent.com",
              "client_type": 3
            }
          ]
        }
      }
    }
  ],
  "configuration_version": "1"
}